{"+zIvAbAS0p80CRvKhdadrA==":"website%20background-1024x683.jpg","WtAmAkYaYZ/X5/0l13M8ew==":"bw%20background-1529x1018.png","bPDiipJdHWugeM63b5gxpA==":"background2-1600x1064.jpg","WCjGEHtVvpcPtlAot6Gsvg==":"at%20kearney%20logo-240x44.png","wtCyzhLB3HKCaIAzWNjHyQ==":"nousgruoplogo-1024x207.png","NUCcuR1/QtO3KLqRvs4Nrg==":"nousgruoplogo-1-1024x207.png","jEzFcxSrzXE08oyvxH9pyQ==":"at%20kearney%20logo-240x44.png","YnXOmLCI59A32AWFeQswCA==":"at%20kearney%20logo-240x44.png","2XQ1vsBUm6hhawOPI3TWDw==":"at%20kearney%20logo-1280x233.png","jGS+PS3NJ4uzOEdOYmSgEw==":"nousgruoplogo-2-1024x207.png","JCEfp2umMgEv5YcLSQ0UnA==":"at%20kearney%20logo-1280x233.png","TSuDEKGCW4ap3tNQw1VidQ==":"at%20kearney%20logo-1280x233.png","wv/dJj/bmXRFwjCMkwyTdQ==":"at%20kearney%20logo-1280x233.png","+ybtwIe2O7d4/wTED0lhtg==":"nousgruoplogo-240x49.png","4NaxoqUjgaKrebL096+X8Q==":"nousgruoplogo-480x97.png"}